feature,coefficient
category__customer_state_MG,-1.3936708613395223
category__customer_state_PR,-1.292845516138116
category__customer_state_SP,-1.1986763844706005
category__customer_state_DF,-1.0099509609173019
numeric__promise_remaining_days,-0.9641319021187758
category__customer_state_MS,-0.8913490060457777
category__category_market_place,-0.6179283427708068
category__customer_state_GO,-0.5355764875081852
category__customer_state_ES,-0.5099418391407561
category__customer_state_RS,-0.5012527180792775
category__category_home_appliances,-0.4776009684601622
category__category_computers,-0.43856314201510155
category__category_fashion_shoes,-0.4254467618533611
category__category_air_conditioning,-0.4121483995896763
category__category_office_furniture,-0.34713564900148125
category__category_food_drink,-0.3015426010653235
category__category_fixed_telephony,-0.28438300760943536
category__category_fashion_male_clothing,-0.24279963650724515
category__category_small_appliances,-0.23703466633196077
category__customer_state_SC,-0.23025325369122915
category__category_housewares,-0.22693441919920646
category__category_art,-0.21619864158243202
category__category_agro_industry_and_commerce,-0.2144493310641922
category__category_construction_tools_safety,-0.19934569720536535
category__category_cool_stuff,-0.19700568860862588
category__category_consoles_games,-0.17889881948449354
category__category_kitchen_dining_laundry_garden_furniture,-0.14463516062794132
numeric__seller_count,-0.13019503659488568
category__category_home_appliances_2,-0.12596600906831476
category__category_luggage_accessories,-0.12574358627818147
category__customer_state_RJ,-0.12141209339641808
category__category_computers_accessories,-0.11831935136683992
category__category_pet_shop,-0.09461831324336203
category__category_drinks,-0.08544195760855486
category__category_furniture_living_room,-0.08129602994130483
numeric__item_count,-0.0705143580535512
category__customer_state_AM,-0.06230358437721611
category__category_food,-0.055500015903175354
category__customer_state_TO,-0.04000711760618278
category__category_industry_commerce_and_business,-0.031002548659416537
category__customer_state_MT,-0.017049389922780146
category__category_fashion_underwear_beach,-0.015118260856055488
category__category_tablets_printing_image,-0.006906675314225349
category__customer_state_RO,-0.006224577306377513
category__category_books_technical,-0.006078212484432855
category__category_furniture_bedroom,0.004602135055722287
category__category_signaling_and_security,0.006376490505190777
numeric__freight_charged_brl,0.007824606500635307
category__category_health_beauty,0.009692895501622424
category__category_mixed_categories,0.011712355920138105
category__category_home_construction,0.021124142744350895
category__customer_state_AC,0.021571202817166103
category__category_books_general_interest,0.02206713425926838
category__category_telephony,0.028703055198348024
numeric__mean_weight_g,0.031034713125549725
category__category_costruction_tools_garden,0.035268251584347925
category__category_sports_leisure,0.05453554947089118
numeric__log_item_value,0.05655563095967592
category__category_toys,0.05860416320310251
category__category_christmas_supplies,0.06908161991884204
category__category_unknown,0.07351641902801048
category__category_perfumery,0.08922676984551998
category__category_auto,0.12482994353514085
category__category_fashion_bags_accessories,0.1251394835766815
category__category_watches_gifts,0.13391291318690543
category__category_furniture_decor,0.14526721436532622
category__category_garden_tools,0.17748824504033514
category__category_stationery,0.1883868761000437
category__category_musical_instruments,0.19098637906852642
category__category_baby,0.215841521545504
category__customer_state_RN,0.2305834960015205
category__category_infrequent_sklearn,0.23743230306793342
category__customer_state_BA,0.24374064456347208
category__customer_state_PE,0.24490477271664104
category__customer_state_CE,0.2656534330880323
category__customer_state_infrequent_sklearn,0.27686713720577577
numeric__handling_days,0.3058722647765721
category__category_electronics,0.3446737859946908
category__category_construction_tools_construction,0.3792419989572771
category__category_bed_bath_table,0.3815410548505623
category__category_audio,0.46590948674398025
numeric__interstate,0.4684451180581941
category__customer_state_PA,0.47301182305611983
category__customer_state_PI,0.5325125681706209
category__category_home_confort,0.5858344193945167
category__customer_state_SE,0.5949490940635055
category__customer_state_MA,0.723260707540172
category__customer_state_PB,0.7835649546338913
category__customer_state_AL,1.6928486700449359
