purchase_month,orders,on_time_orders,late_orders,reviewed_orders,reviewed_on_time,hidden_failure_orders,on_time_rate,hidden_failure_rate,p90_delivery_days
2016-09-01,1,0.0,1.0,0,0,0,0.0,,54.81319444444444
2016-10-01,265,263.0,2.0,257,256,41,0.9924528301886792,0.16015625,34.831995370370365
2016-12-01,1,1.0,0.0,1,1,0,1.0,0.0,4.693020833333334
2017-01-01,750,728.0,22.0,719,715,73,0.9706666666666667,0.1020979020979021,19.256706018518518
2017-02-01,1653,1604.0,49.0,1607,1598,153,0.970356926799758,0.09574468085106383,22.07396527777777
2017-03-01,2546,2430.0,116.0,2433,2404,214,0.9544383346425765,0.08901830282861897,21.140549768518518
2017-04-01,2303,2152.0,151.0,2191,2135,207,0.934433347807208,0.09695550351288056,25.32400462962967
2017-05-01,3545,3439.0,106.0,3440,3404,304,0.970098730606488,0.08930669800235018,19.238615740740734
2017-06-01,3135,3040.0,95.0,3035,3007,279,0.9696969696969697,0.09278350515463918,19.8245787037037
2017-07-01,3872,3764.0,108.0,3743,3718,315,0.9721074380165289,0.08472296933835395,19.75363888888889
2017-08-01,4193,4071.0,122.0,4058,4019,328,0.9709038874314333,0.08161234137845236,19.22268287037037
2017-09-01,4150,3968.0,182.0,3988,3925,326,0.9561445783132531,0.08305732484076433,20.329388888888886
2017-10-01,4478,4291.0,187.0,4311,4244,389,0.9582402858418937,0.09165881244109331,20.08619328703704
2017-11-01,7288,6384.0,904.0,6558,6325,625,0.8759604829857299,0.09881422924901186,27.210305555555557
2017-12-01,5513,5102.0,411.0,5169,5050,509,0.9254489388717576,0.1007920792079208,28.262770833333335
2018-01-01,7069,6666.0,403.0,6692,6588,678,0.9429905219974537,0.1029143897996357,25.464164351851842
2018-02-01,6555,5629.0,926.0,5751,5552,591,0.8587337909992372,0.10644812680115273,31.01614351851852
2018-03-01,7003,5675.0,1328.0,5950,5632,588,0.8103669855776096,0.10440340909090909,32.18501388888889
2018-04-01,6798,6492.0,306.0,6549,6449,606,0.9549867608120035,0.09396805706311057,21.415079861111114
2018-05-01,6749,6306.0,443.0,6458,6281,520,0.9343606460216328,0.08278936475083586,21.445043981481483
2018-06-01,6096,6025.0,71.0,6015,5996,562,0.9883530183727034,0.09372915276851235,15.914866898148148
2018-07-01,6156,5948.0,208.0,5982,5908,490,0.9662118258609487,0.08293838862559241,16.00616898148148
2018-08-01,6351,5958.0,393.0,6149,5944,440,0.9381199811053378,0.0740242261103634,13.07263888888889
