segment,reviewed_on_time,hidden_failures,rate,ci_low,ci_high
SP,38384,3313,0.0863120050020842,0.08354387726087117,0.08916292798976114
RJ,10706,1160,0.10835045768727816,0.10260259933808802,0.11437927362014924
MG,10746,1020,0.09491903964265773,0.08952116901277742,0.10060642185914535
PR,4684,429,0.09158838599487618,0.08365926287000601,0.10018685615755706
RS,4984,427,0.08567415730337079,0.07821945613675817,0.09376705664697389
BA,2837,317,0.11173775114557631,0.10066590229542144,0.1238596363756026
SC,3225,284,0.08806201550387596,0.07876517203691165,0.09833905129325897
DF,1945,187,0.0961439588688946,0.08382791710732664,0.11005212229276799
GO,1816,180,0.09911894273127753,0.08620995774721604,0.1137203477511943
ES,1756,155,0.08826879271070615,0.07588305959680709,0.10245201555877294
PE,1428,129,0.09033613445378151,0.07654645840103369,0.10632396849410197
CE,1098,100,0.09107468123861566,0.07545228055982184,0.10954843545867557
PA,827,96,0.11608222490931076,0.09600408709502448,0.13971050892269682
MT,826,85,0.10290556900726393,0.08398989902791974,0.12549765666463875
MA,585,63,0.1076923076923077,0.08508322581467041,0.1354200299865344
MS,623,52,0.08346709470304976,0.06421763089684043,0.10782181752059714
PB,459,44,0.09586056644880174,0.07218521096385308,0.1262444177360118
PI,405,35,0.08641975308641975,0.06279346673361468,0.11781800802652902
SE,284,29,0.10211267605633803,0.0720418391948281,0.1428037187524626
RN,426,29,0.06807511737089202,0.04781328796119082,0.09605710320666282
AL,312,28,0.08974358974358974,0.06282008773904384,0.12664667525063267
RO,235,25,0.10638297872340426,0.07310208410068161,0.15232552418199355
TO,245,20,0.08163265306122448,0.05346409037979167,0.12271820266923214
AM,139,15,0.1079136690647482,0.0664951944742684,0.1704210278892584
