threshold,validation_assumed_error_cost
0.01,31768.0
0.02,26408.0
0.03,20830.0
0.04,16083.0
0.05,13297.0
0.060000000000000005,11113.0
0.06999999999999999,9240.0
0.08,8180.0
0.09,7620.0
0.09999999999999999,7080.0
0.11,6806.0
0.12,6680.0
0.13,6643.0
0.14,6629.0
0.15000000000000002,6640.0
0.16,6849.0
0.17,6831.0
0.18000000000000002,6894.0
0.19,6962.0
0.2,6985.0
0.21000000000000002,7110.0
0.22,7086.0
0.23,7201.0
0.24000000000000002,7250.0
0.25,7292.0
0.26,7440.0
0.27,7588.0
0.28,7695.0
0.29000000000000004,7749.0
0.3,7853.0
0.31,7869.0
0.32,7954.0
0.33,7998.0
0.34,8067.0
0.35000000000000003,8130.0
0.36000000000000004,8140.0
0.37,8237.0
0.38,8231.0
0.39,8303.0
0.4,8341.0
0.41000000000000003,8360.0
0.42000000000000004,8382.0
0.43,8454.0
0.44,8473.0
0.45,8542.0
0.46,8542.0
0.47000000000000003,8589.0
0.48000000000000004,8589.0
0.49,8580.0
0.5,8602.0
0.51,8652.0
0.52,8674.0
0.53,8674.0
0.54,8671.0
0.55,8771.0
0.56,8821.0
0.5700000000000001,8818.0
0.5800000000000001,8843.0
0.59,8918.0
0.6,8940.0
0.61,8934.0
0.62,8959.0
0.63,8981.0
0.64,8981.0
0.65,9006.0
0.66,9031.0
0.67,9056.0
0.68,9081.0
0.6900000000000001,9081.0
0.7000000000000001,9081.0
0.7100000000000001,9081.0
0.72,9131.0
0.73,9181.0
0.74,9181.0
0.75,9206.0
0.76,9203.0
0.77,9253.0
0.78,9303.0
0.79,9328.0
0.8,9328.0
0.81,9350.0
0.8200000000000001,9400.0
0.8300000000000001,9425.0
0.8400000000000001,9425.0
0.85,9425.0
0.86,9425.0
0.87,9450.0
0.88,9450.0
0.89,9525.0
0.9,9550.0
0.91,9575.0
0.92,9575.0
0.93,9575.0
0.9400000000000001,9575.0
0.9500000000000001,9575.0
0.9600000000000001,9600.0
0.97,9600.0
0.98,9600.0
0.99,9600.0
